{
  "total_steps": 23,
  "llm_interactions": 0,
  "tool_calls": 0,
  "filtering_decisions": 0,
  "total_duration": 8.821487426757812e-06,
  "memory_usage": [
    130.57421875,
    92.49609375,
    93.140625,
    93.22265625,
    92.64453125,
    93.25390625,
    93.25390625,
    108.30859375,
    92.5546875,
    93.2421875,
    93.2421875,
    92.59375,
    93.140625,
    93.140625,
    150.45703125,
    150.45703125,
    150.45703125,
    160.078125,
    101.6484375,
    101.9609375,
    101.9609375
  ],
  "step_types": {
    "general": 23
  },
  "avg_memory_usage": 108.18229166666667,
  "max_memory_usage": 160.078125
}