{
  "total_steps": 14,
  "llm_interactions": 0,
  "tool_calls": 0,
  "filtering_decisions": 0,
  "total_duration": 5.4836273193359375e-06,
  "memory_usage": [
    130.34375,
    92.609375,
    93.265625,
    93.265625,
    93.19140625,
    93.34765625,
    93.34765625,
    110.8203125,
    166.93359375,
    166.93359375,
    166.93359375,
    169.28515625
  ],
  "step_types": {
    "general": 14
  },
  "avg_memory_usage": 122.52311197916667,
  "max_memory_usage": 169.28515625
}