{
  "total_steps": 14,
  "llm_interactions": 0,
  "tool_calls": 0,
  "filtering_decisions": 0,
  "total_duration": 5.4836273193359375e-06,
  "memory_usage": [
    130.3515625,
    92.59375,
    93.3125,
    93.3125,
    92.7421875,
    93.33984375,
    93.33984375,
    105.69140625,
    169.28515625,
    169.28515625,
    169.28515625,
    196.89453125
  ],
  "step_types": {
    "general": 14
  },
  "avg_memory_usage": 124.95279947916667,
  "max_memory_usage": 196.89453125
}