{
  "total_steps": 25,
  "llm_interactions": 0,
  "tool_calls": 0,
  "filtering_decisions": 0,
  "total_duration": 9.059906005859375e-06,
  "memory_usage": [
    130.57421875,
    92.5234375,
    93.16796875,
    93.16796875,
    92.671875,
    93.28125,
    93.28125,
    104.86328125,
    92.64453125,
    93.26953125,
    93.26953125,
    100.37890625,
    92.70703125,
    93.1640625,
    93.1640625,
    160.078125,
    160.078125,
    160.078125,
    166.93359375,
    101.7734375,
    101.9609375,
    101.9609375
  ],
  "step_types": {
    "general": 25
  },
  "avg_memory_usage": 109.31782670454545,
  "max_memory_usage": 166.93359375
}