{
  "total_steps": 5,
  "llm_interactions": 0,
  "tool_calls": 0,
  "filtering_decisions": 0,
  "total_duration": 1.6689300537109375e-06,
  "memory_usage": [
    199.46875,
    199.46875,
    199.46875,
    180.41796875
  ],
  "step_types": {
    "general": 5
  },
  "avg_memory_usage": 194.7060546875,
  "max_memory_usage": 199.46875
}